<?xml version="1.0" encoding="UTF-8" standalone="yes"?>
<addon id="repository.xbmc-development-with-passion" name="XBMC development with passion add-ons" version="1.0.0" provider-name="MaxMustermann">
	<extension point="xbmc.addon.repository" name="XBMC development with passion add-on repository">
		<info compressed="true">http://xbmc-development-with-passion.googlecode.com/svn/branches/repo/addons.xml</info>
		<checksum>http://xbmc-development-with-passion.googlecode.com/svn/branches/repo/addons.xml.md5</checksum>
		<datadir zip="true">http://xbmc-development-with-passion.googlecode.com/svn/branches/repo/</datadir>
	</extension>
	<extension point="xbmc.addon.metadata">
		<summary>Install add-ons from googlecode.xbmc-development-with-passion</summary>
		<summary lang="de">Installiere Add-ons von googlecode.xbmc-development-with-passion</summary>
		<description>download and install add-ons from XBMC development with passion add-on repository.</description>
		<description lang="de">Downloade und installiere Add-ons vom XBMC development with passion Add-on Repository.</description>
		<disclaimer></disclaimer>
		<platform>all</platform>
	</extension>
</addon>