<?xml version="1.0" encoding="UTF-8" standalone="yes"?>
<addon id="repository.MaxMustermann.xbmc" name="MaxMustermann's add-ons" version="1.0.0" provider-name="MaxMustermann">
	<extension point="xbmc.addon.repository" name="MaxMustermann's add-on repository">
		<info compressed="true">http://xbmc-development-with-passion.googlecode.com/svn/branches/repo/addons.xml</info>
		<checksum>http://xbmc-development-with-passion.googlecode.com/svn/branches/repo/addons.xml.md5</checksum>
		<datadir zip="true">http://xbmc-development-with-passion.googlecode.com/svn/branches/repo/</datadir>
	</extension>
	<extension point="xbmc.addon.metadata">
		<summary>Install add-ons from MaxMustermann's repository</summary>
		<summary lang="de">Installiere Add-ons von MaxMustermann's Repository</summary>
		<description>download and install add-ons from MaxMustermann's repository.</description>
		<description lang="de">Downloade und installiere Add-ons von MaxMustermann's Repository.</description>
		<disclaimer></disclaimer>
		<platform>all</platform>
	</extension>
</addon>